date,ticker,momentum,trend,mean_reversion,breakout,volume,rel_strength,news,score,ml_prob,price_eur
2026-09-24,AAPL,0.7852,0.8766,0.0,0.0,0.0,0.4946,0.0,0.633,0.53,294.4003
2026-09-24,ABBV,0.3586,0.869,0.0,0.0,0.0,-0.0533,0.59,0.6,0.521,232.3512
2026-09-24,ABT,0.6143,-0.0543,0.0,0.0,0.0,-0.7897,0.291,0.029,0.512,88.5777
2026-09-24,ACN,0.8814,-0.1781,0.0,0.0,0.0,-0.4141,-0.401,-0.034,0.457,155.4821
2026-09-24,ADBE,0.4552,-0.7724,0.0,0.0,0.0,-0.7786,0.236,-0.483,0.527,209.3982
2026-09-24,AIG,0.0266,-0.0394,0.0,0.0,0.0,-0.1436,0.099,-0.027,0.481,65.5722
2026-09-24,AMD,0.2084,0.9995,-0.1412,0.5057,0.0,0.9848,0.231,0.658,0.495,551.4835
2026-09-24,AMGN,0.4199,0.8364,0.0,0.0,0.0,-0.5967,0.127,0.588,0.488,355.8535
2026-09-24,AMT,-0.0548,-0.6911,0.0,-0.645,0.0,-0.4929,-0.458,-0.481,0.492,146.5867
2026-09-24,AMZN,0.2326,0.0711,0.0,0.0,0.0,-0.3508,-0.007,0.08,0.509,218.5566
2026-09-24,AVGO,-0.2847,-0.0905,0.0,0.0,0.0,-0.1339,0.323,-0.1,0.497,307.0555
2026-09-24,AXP,-0.559,-0.158,0.0,0.0,0.0,-0.6378,0.334,-0.18,0.507,267.8804
2026-09-24,BA,-0.4836,-0.8002,0.0,0.0,0.0,-0.5428,0.102,-0.575,0.502,172.4755
2026-09-24,BAC,-0.066,0.0456,0.2287,0.0,0.0,-0.6594,0.0,0.001,0.558,49.1047
2026-09-24,BKNG,-0.4258,-0.2432,0.3013,0.0,0.0,-0.9632,-0.101,-0.26,0.537,137.9541
2026-09-24,BLK,0.6636,0.043,0.0,0.0,0.0,-0.6027,0.37,0.108,0.521,940.7715
2026-09-24,BMY,0.478,0.1074,0.0,0.0,0.0,-0.658,0.138,0.135,0.536,53.8986
2026-09-24,BRK-B,0.2206,0.0507,0.0,0.0,0.0,-0.0195,0.145,0.062,0.456,442.7397
2026-09-24,C,-0.4277,0.1219,0.0,0.0,0.0,-0.1019,0.139,0.044,0.551,115.7724
2026-09-24,CAT,-0.8389,0.05,0.0,0.0,0.0,-0.0925,0.048,-0.058,0.473,705.7211
2026-09-24,CHTR,-0.4081,-0.9743,0.0,0.0,0.0,-0.962,-0.216,-0.65,0.499,103.0208
2026-09-24,CL,-0.6851,-0.0495,0.0,-0.1873,0.0,-0.5077,0.706,-0.114,0.521,74.7744
2026-09-24,CMCSA,-0.3482,-0.8674,0.0702,-0.5442,0.0,-0.9091,-0.526,-0.602,0.528,19.3947
2026-09-24,COF,-0.144,-0.0866,0.0,-0.3668,0.0,-0.6407,-0.069,-0.081,0.507,172.309
2026-09-24,COP,0.8023,0.8325,0.0,0.0,0.0,-0.1828,0.362,0.614,0.518,113.3536
2026-09-24,COST,-0.4612,-0.7243,0.0,0.0,0.0,-0.5099,0.809,-0.535,0.45,785.675
2026-09-24,CRM,0.6856,0.8937,0.0,0.0,0.0,0.8478,0.225,0.634,0.55,208.776
2026-09-24,CSCO,-0.3982,0.1996,0.0,0.0,0.306,-0.3928,0.141,0.105,0.567,93.7485
2026-09-24,CVS,-0.787,-0.035,0.3307,-0.3855,0.0,-0.6101,0.046,-0.153,0.528,74.5378
2026-09-24,CVX,0.884,0.8281,0.0,0.0,0.0,0.1948,0.624,0.618,0.524,180.2317
2026-09-24,DE,0.4843,0.9052,0.0,0.0,0.0,0.654,-0.129,0.626,0.537,609.0454
2026-09-24,DHR,0.7205,0.8023,0.0,0.8442,0.1232,0.2503,0.301,0.594,0.537,196.112
2026-09-24,DIS,0.4332,0.0409,0.0,0.0,0.0,-0.4156,0.633,0.08,0.509,92.5128
2026-09-24,DUK,-0.8701,-0.7419,0.2533,-0.2647,0.0,-0.525,0.088,-0.595,0.468,99.2348
2026-09-24,EMR,0.4818,0.7713,0.0,0.0,0.0,0.0277,0.216,0.56,0.524,136.8411
2026-09-24,F,-0.3508,-0.1015,0.0,-0.3765,0.0,-0.6525,-0.327,-0.115,0.528,11.0426
2026-09-24,FDX,-0.6574,-0.1003,0.26,-0.8375,-0.108,-0.8631,-0.425,-0.178,0.522,244.9889
2026-09-24,GD,-0.2329,-0.0949,0.3652,-0.6669,0.0,-0.7109,0.0,-0.139,0.521,294.7246
2026-09-24,GE,-0.6766,-0.0166,0.0,0.0,0.0,-0.6134,0.163,-0.089,0.509,280.2552
2026-09-24,GILD,0.8638,0.8092,0.0,0.0,0.0,0.0616,0.248,0.608,0.527,131.1883
2026-09-24,GM,0.1809,0.0064,0.0,-0.3974,0.0,-0.4669,-0.201,0.025,0.482,70.6115
2026-09-24,GOOGL,-0.2141,0.0278,0.0,0.0,0.0,-0.0178,0.146,-0.003,0.5,300.0443
2026-09-24,GS,-0.4326,-0.0568,0.0,-0.4962,0.0,-0.7712,0.276,-0.091,0.528,809.1713
2026-09-24,HD,-0.8804,-0.8313,0.2475,-0.8476,-0.1309,-0.7873,-0.056,-0.636,0.526,256.0665
2026-09-24,HON,-0.4089,-0.74,0.0,0.0,0.0,-0.1756,0.307,-0.538,0.5,185.6127
2026-09-24,IBM,-0.5992,-0.8024,0.0,-0.0,0.0,-0.2699,0.243,-0.585,0.493,198.9954
2026-09-24,INTC,-0.1771,0.9983,-0.1507,0.4509,0.0,0.9982,0.38,0.633,0.559,111.6446
2026-09-24,INTU,0.1429,-0.9674,0.0,-0.4661,0.0,-0.9499,-0.169,-0.61,0.486,242.8767
2026-09-24,ISRG,-0.0821,-0.2108,0.0,0.0,0.0,0.5097,0.802,-0.166,0.491,350.1393
2026-09-24,JNJ,0.4169,0.8411,0.0,0.0,0.0,-0.1048,0.252,0.59,0.527,237.2239
2026-09-24,JPM,0.3028,0.1166,0.0,-0.2035,0.0,-0.4086,0.691,0.123,0.583,296.714
2026-09-24,KHC,0.0133,0.051,0.0,0.0,0.0,-0.3574,0.366,0.04,0.542,20.9109
2026-09-24,KO,0.6462,0.8182,0.0,0.0,0.0,-0.2879,0.0,0.596,0.529,77.2108
2026-09-24,LIN,-0.6351,-0.0526,0.0,0.0,0.0,-0.3102,0.085,-0.112,0.436,410.2779
2026-09-24,LLY,-0.2383,0.7987,0.0,0.0,0.0,-0.353,0.575,0.517,0.516,1035.8084
2026-09-24,LMT,0.3244,-0.7103,0.0,0.0,0.0,-0.4288,0.204,-0.459,0.487,458.9707
2026-09-24,LOW,-0.8138,-0.8931,0.1393,-0.481,0.0,-0.7643,0.048,-0.652,0.438,165.1926
2026-09-24,MA,0.8279,0.1281,0.0,0.0,0.0,-0.4442,0.61,0.188,0.517,496.1125
2026-09-24,MCD,-0.6086,-0.8852,0.2325,0.0,0.0,-0.7051,0.095,-0.642,0.434,207.7243
2026-09-24,MDLZ,0.1838,0.0675,0.0,0.0,0.0,-0.2947,0.379,0.072,0.511,53.3377
2026-09-24,MDT,0.5423,0.0075,0.0,-0.515,0.0,-0.258,0.494,0.067,0.484,77.5702
2026-09-24,MET,0.7793,0.8868,0.0,0.0,0.0,0.0818,0.313,0.637,0.526,85.2299
2026-09-24,META,0.8017,0.336,-0.5277,0.8099,0.0512,0.9922,0.45,0.384,0.49,681.4799
2026-09-24,MMM,0.2259,0.1,0.0,0.0,0.0,-0.5092,0.242,0.101,0.521,146.8145
2026-09-24,MO,-0.4178,0.7174,0.0,0.0,0.0,0.189,0.467,0.455,0.524,60.3664
2026-09-24,MRK,0.8045,0.9314,0.0,0.0,0.0,-0.3983,0.42,0.658,0.529,129.6897
2026-09-24,MS,-0.3835,0.046,0.0,-0.4238,0.0,-0.6572,-0.182,-0.008,0.544,172.0549
2026-09-24,MSFT,0.9737,0.8619,0.0,0.0,0.0,-0.0062,0.26,0.639,0.511,436.3858
2026-09-24,NEE,-0.8294,-0.8218,0.4989,-0.6535,0.0,-0.6618,-0.082,-0.646,0.524,66.2734
2026-09-24,NFLX,0.0172,-0.8595,0.0,0.0,0.0,-0.7565,0.219,-0.566,0.496,62.8554
2026-09-24,NKE,-0.6067,-0.9455,0.0,0.0,0.0,-0.4552,-0.283,-0.652,0.459,31.5416
2026-09-24,NOW,0.6991,0.8861,0.0,0.0,0.0,0.6233,-0.21,0.631,0.475,120.7504
2026-09-24,NVDA,0.3762,0.8273,0.0,0.0,0.0,0.4987,0.209,0.58,0.505,196.8219
2026-09-24,ORCL,-0.123,-0.8544,0.0,-0.8659,-0.1758,-0.4875,-0.245,-0.574,0.517,122.2928
2026-09-24,PEP,-0.579,-0.8103,0.232,-0.3887,0.0,-0.6352,0.104,-0.604,0.511,112.3107
2026-09-24,PFE,0.9283,0.7951,0.0,0.0,0.0,-0.0778,0.433,0.606,0.531,24.8985
2026-09-24,PG,-0.114,-0.6033,0.0,0.0,0.0,-0.0178,0.359,-0.436,0.424,127.6739
2026-09-24,PLTR,0.9502,0.9483,0.0,0.0,0.0,0.5708,0.23,0.673,0.467,168.7859
2026-09-24,PM,0.3161,0.7763,0.0,0.0,0.0,-0.1322,0.532,0.55,0.519,167.8306
2026-09-24,PYPL,0.5238,0.0929,0.0,0.0,0.0,-0.8357,0.112,0.129,0.551,46.0986
2026-09-24,QCOM,0.1656,0.8654,0.0,0.0,0.0,0.9074,-0.231,0.583,0.489,170.2495
2026-09-24,RTX,0.0988,-0.0486,0.2391,-0.1239,0.0,-0.695,0.469,-0.053,0.519,165.2978
2026-09-24,SBUX,-0.623,-0.0773,0.2481,0.0,0.0,-0.7394,0.191,-0.156,0.528,82.0749
2026-09-24,SCHW,0.3894,0.0353,0.0,-0.3121,0.0,-0.6384,-0.133,0.071,0.542,87.193
2026-09-24,SO,-0.9188,-0.7672,0.3828,-0.0,0.0,-0.5802,0.409,-0.62,0.471,72.6448
2026-09-24,SPG,-0.7725,0.0563,0.0,0.0,0.0,-0.4422,-0.07,-0.046,0.463,179.3991
2026-09-24,T,0.9011,0.0556,0.0,0.0,0.0,-0.1599,0.514,0.143,0.509,22.3044
2026-09-24,TGT,0.7722,0.9386,0.0,0.0,0.0,-0.3726,-0.067,0.659,0.524,136.8499
2026-09-24,TMO,0.9568,0.9448,-0.2382,0.2742,0.0,0.5464,0.589,0.688,0.481,594.541
2026-09-24,TMUS,-0.1876,-0.8319,0.0,0.0,0.0,-0.609,0.682,-0.568,0.524,144.9127
2026-09-24,TSLA,-0.3177,-0.0895,0.0,0.0,0.0,0.6117,0.509,-0.103,0.506,331.2266
2026-09-24,TXN,-0.2321,0.202,0.0,0.0,0.0,0.2848,-0.137,0.125,0.529,237.1977
2026-09-24,UBER,-0.2125,-0.7525,0.0,0.0,0.0,-0.7514,0.238,-0.528,0.521,60.6644
2026-09-24,UNH,-0.6134,0.1322,0.0,0.0,0.0,-0.3985,0.495,0.03,0.562,328.6588
2026-09-24,UNP,0.0684,0.0964,0.0,0.0,0.0,-0.725,0.24,0.081,0.552,240.195
2026-09-24,UPS,-0.5886,-0.1872,0.0583,-0.9226,-0.3548,-0.7861,-0.015,-0.211,0.515,80.6726
2026-09-24,USB,-0.2357,0.0531,0.0,-0.191,0.0,-0.4984,0.416,0.014,0.542,51.1818
2026-09-24,V,0.568,0.7799,0.0,0.0,0.0,-0.3537,0.829,0.571,0.514,322.4977
2026-09-24,VZ,0.6935,0.0864,0.0,0.0,0.0,-0.4533,0.39,0.143,0.509,41.4712
2026-09-24,WFC,-0.0502,-0.051,0.0,-0.0973,0.0,-0.2724,0.0,-0.044,0.495,72.0226
2026-09-24,WMT,-0.3114,-0.7675,0.0,0.0,0.0,0.2144,-0.05,-0.545,0.492,94.2919
2026-09-24,XOM,0.7684,0.8007,0.0,0.0,0.0,0.0415,0.375,0.596,0.516,142.0995
2026-09-24,A2A.MI,-0.1032,0.0127,0.0,0.0,0.0,-0.0268,0.338,-0.002,0.525,2.311
2026-09-24,AMP.MI,0.4964,0.0317,0.0,0.0,0.0,-0.3442,0.0,0.08,0.525,11.47
2026-09-24,AZM.MI,0.4831,0.8211,0.0,0.0,0.0,0.1502,0.249,0.586,0.533,39.38
2026-09-24,BAMI.MI,0.4857,0.9184,0.0,0.0,0.0,0.3831,0.573,0.631,0.507,16.615
2026-09-24,BMED.MI,0.3383,0.8842,0.0,0.0,0.0,-0.073,0.0,0.605,0.533,23.68
2026-09-24,BMPS.MI,0.4662,0.9589,0.0,0.0,0.0,0.4553,0.0,0.648,0.532,11.978
2026-09-24,BPE.MI,0.2319,0.8671,0.0,0.0,0.0,0.1442,0.0,0.59,0.532,14.38
2026-09-24,BGN.MI,-0.0885,0.2253,0.0,0.0,0.0,-0.0408,0.0,0.158,0.541,65.3
2026-09-24,BZU.MI,-0.8013,-0.8773,0.0,0.0,0.0,-0.6572,0.315,-0.634,0.528,37.28
2026-09-24,CPR.MI,0.4266,0.0371,0.0,0.0,0.0,0.33,0.0,0.077,0.53,5.974
2026-09-24,DIA.MI,0.695,0.8447,0.0,0.0,0.0,0.2279,0.0,0.612,0.53,78.02
2026-09-24,ENEL.MI,-0.6531,-0.084,0.0,0.0,0.0,-0.357,0.058,-0.136,0.53,8.917
2026-09-24,ENI.MI,0.8263,0.8531,0.0,0.0,0.0,0.5467,0.484,0.625,0.532,24.02
2026-09-24,ERG.MI,-0.2667,0.6627,0.0,0.0,0.0,0.2384,0.23,0.436,0.53,22.82
2026-09-24,RACE.MI,0.453,0.832,0.0,0.0,0.0,-0.0641,0.0,0.589,0.531,355.85
2026-09-24,FBK.MI,-0.1103,0.0747,0.0,0.0,0.0,-0.4104,0.0,0.044,0.55,22.21
2026-09-24,G.MI,0.1369,0.2512,0.0,0.0,0.0,0.0078,0.0,0.202,0.562,43.7
2026-09-24,HER.MI,-0.3454,-0.7256,0.0,0.0,0.0,-0.3561,0.361,-0.524,0.537,3.588
2026-09-24,IP.MI,0.1309,-0.7142,0.0,0.0,0.0,-0.3083,0.315,-0.478,0.525,35.68
2026-09-24,INW.MI,0.0565,-0.0439,0.0,0.0,0.0,0.6073,0.0,-0.026,0.523,6.615
2026-09-24,IG.MI,-0.8388,-0.8187,0.0,0.0,0.0,-0.1535,0.0,-0.609,0.53,8.452
2026-09-24,IVG.MI,0.7424,0.6586,-0.0438,0.0,0.0,0.1729,0.311,0.524,0.447,14.11
2026-09-24,ISP.MI,0.6403,0.8502,0.0,0.0,0.0,0.0703,0.0,0.611,0.532,6.767
2026-09-24,LDO.MI,-0.3351,-0.7578,0.0,0.0,0.0,-0.4156,0.0,-0.54,0.563,49.38
2026-09-24,LTMC.MI,0.1165,0.7907,0.0,0.0,0.0,0.3813,0.415,0.541,0.495,26.6
2026-09-24,MB.MI,0.5154,0.972,0.0,0.0,0.0,0.431,0.0,0.657,0.532,29.01
2026-09-24,MONC.MI,-0.6801,-0.826,0.0,0.0,0.0,-0.4668,0.0,-0.601,0.539,44.19
2026-09-24,NEXI.MI,0.6287,0.2741,0.0,0.0,0.0,-0.329,0.0,0.271,0.531,4.181
2026-09-24,PIRC.MI,-0.2054,0.1354,0.0,0.0,0.0,-0.1185,0.094,0.079,0.538,6.47
2026-09-24,PST.MI,-0.4652,0.1591,0.0,0.0,0.0,-0.4004,0.096,0.067,0.563,26.0
2026-09-24,PRY.MI,-0.4315,0.7214,0.0,0.0,0.0,0.3022,0.0,0.456,0.502,125.5
2026-09-24,REC.MI,0.6297,0.7351,0.0,0.0,0.0,0.1381,0.0,0.553,0.484,53.0
2026-09-24,SPM.MI,-0.1183,0.2341,0.0,0.0,0.0,-0.1811,0.0,0.161,0.541,4.313
2026-09-24,SRG.MI,-0.7564,-0.7213,0.0,0.0,0.0,-0.1481,0.0,-0.556,0.499,5.618
2026-09-24,STLAM.MI,-0.6007,-0.9806,0.0,-0.0,0.0,-0.8049,-0.071,-0.665,0.542,3.9795
2026-09-24,STMMI.MI,-0.7051,0.8042,0.0,0.0,0.0,0.495,0.097,0.479,0.45,45.72
2026-09-24,TIT.MI,-0.3522,0.1845,0.0,0.0,0.0,-0.2473,0.42,0.099,0.56,7.474
2026-09-24,TEN.MI,0.1459,0.712,0.0,0.0,0.0,0.4365,0.0,0.501,0.527,24.35
2026-09-24,TRN.MI,-0.6569,-0.0723,0.0,0.0,0.0,-0.3413,0.0,-0.128,0.54,9.248
2026-09-24,UCG.MI,0.1578,0.8426,0.0,0.0,0.0,0.0282,0.44,0.572,0.532,84.1
2026-09-24,UNI.MI,0.184,0.3157,0.0,0.0,0.0,-0.2436,0.0,0.253,0.562,27.28
2026-09-24,SPY,0.375,0.7415,0.0,0.0,0.0,0.0,0.314,0.537,0.547,672.3565
2026-09-24,QQQ,0.0644,0.8104,0.0,0.0,0.0,0.3019,-0.63,0.548,0.539,649.5
2026-09-24,IWM,-0.5895,0.0537,0.0,-0.5566,0.0,-0.4413,-0.294,-0.027,0.477,246.8468
2026-09-24,VGK,0.0311,0.041,0.0,-0.9938,0.8403,-0.4251,0.0,0.034,0.459,77.1845
2026-09-24,EEM,-0.0184,0.7507,0.0,0.0,0.0,-0.0332,0.0,0.509,0.519,58.9379
2026-09-24,EWJ,0.2518,0.7356,0.0,0.0,0.0,-0.0181,0.249,0.523,0.519,83.9679
2026-09-24,GLD,0.3751,-0.7153,0.0,0.0,0.0,-0.5328,-0.167,-0.457,0.507,343.2771
2026-09-24,SLV,0.2671,-0.2233,0.0,0.0,0.0,-0.4983,0.0,-0.137,0.483,50.4982
2026-09-24,TLT,-0.761,-0.7119,0.0,-0.8757,-0.2019,-0.3582,-0.216,-0.552,0.45,69.6037
2026-09-24,HYG,-0.4148,-0.0085,0.0101,-0.9126,-0.3172,-0.1913,0.0,-0.056,0.432,68.2628
2026-09-24,XLK,0.324,0.9012,0.0,0.0,0.0,0.4988,-0.003,0.612,0.533,170.6438
2026-09-24,XLF,0.22,0.0456,0.0,-0.0632,0.0,-0.4754,0.019,0.059,0.484,47.7901
2026-09-24,XLE,0.8596,0.8301,0.0,0.0,0.0,0.0381,0.444,0.617,0.524,54.8626
2026-09-24,XLV,0.557,0.7801,0.0,0.0,0.0,-0.2457,0.036,0.571,0.524,148.8741
2026-09-24,XLI,-0.661,-0.0247,0.0,0.0,0.0,-0.4153,0.38,-0.094,0.444,147.9626
2026-09-24,XLY,-0.4577,-0.6994,0.0,0.0,0.0,-0.4886,-0.549,-0.521,0.463,96.6844
2026-09-24,XLP,-0.3276,-0.0196,0.0,-0.391,0.0,-0.4046,-0.345,-0.053,0.426,71.6019
2026-09-24,XLU,-0.8758,-0.7889,0.3439,-0.4841,0.0,-0.6103,-0.106,-0.624,0.471,34.4951
2026-09-25,AAPL,0.772,0.893,0.0,0.0,0.0,0.5725,-0.128,0.583,0.495,299.7664
2026-09-25,ABBV,0.4605,0.8627,0.0,0.0,0.0,0.1678,0.644,0.544,0.478,232.3284
2026-09-25,ABT,0.6745,-0.0466,0.0,0.0,0.0,-0.6416,0.0,0.023,0.455,89.0238
2026-09-25,ACN,0.8365,-0.1827,0.0,-0.3268,0.0,-0.465,0.079,-0.052,0.457,154.7831
2026-09-25,ADBE,0.3763,-0.7905,0.0,-0.0,0.0,-0.9065,0.077,-0.464,0.477,206.9546
2026-09-25,AIG,-0.2618,-0.0562,0.0,0.0,0.0,-0.2241,0.0,-0.08,0.456,65.188
2026-09-25,AMD,0.4013,0.9995,-0.1498,0.0204,0.0,0.9882,0.365,0.61,0.491,554.2607
2026-09-25,AMGN,0.4571,0.862,0.0,0.0,0.0,-0.4071,0.076,0.546,0.485,364.4007
2026-09-25,AMT,0.1141,-0.6713,0.0,0.0,0.0,-0.2525,0.798,-0.428,0.46,148.5605
2026-09-25,AMZN,0.1697,0.0725,0.0,0.0,0.0,-0.2243,-0.089,0.058,0.471,219.435
2026-09-25,AVGO,-0.1996,-0.0766,0.0,0.0,0.0,-0.3901,0.178,-0.082,0.474,310.0847
2026-09-25,AXP,-0.616,-0.7386,0.0,0.0,0.0,-0.5563,0.055,-0.511,0.484,271.4834
2026-09-25,BA,-0.4949,-0.7912,0.0,0.0,0.0,-0.4406,0.0,-0.528,0.482,174.0837
2026-09-25,BAC,-0.1313,0.0689,0.0,0.0,0.0,-0.5148,0.0,0.029,0.488,49.8336
2026-09-25,BKNG,-0.3403,-0.1917,0.0,0.0,0.0,-0.9107,0.02,-0.168,0.49,144.0956
2026-09-25,BLK,0.584,0.0665,0.0,0.0,0.0,-0.4938,0.125,0.097,0.476,954.7579
2026-09-25,BMY,0.7455,0.1453,0.0,0.0,0.0,-0.4709,0.182,0.169,0.484,55.2477
2026-09-25,BRK-B,0.1417,0.0518,0.0,0.0,0.0,0.0058,-0.226,0.033,0.449,444.2664
2026-09-25,C,-0.2401,0.7489,0.0,0.0,0.0,0.0739,0.112,0.438,0.476,118.0187
2026-09-25,CAT,-0.7239,0.0847,0.0,0.0,0.0,0.0224,0.269,-0.024,0.48,722.0866
2026-09-25,CHTR,-0.4034,-0.9794,0.008,-0.2441,0.0,-0.9589,0.311,-0.604,0.478,99.2366
2026-09-25,CL,-0.6231,-0.0352,0.0,0.0,0.0,-0.4247,0.912,-0.104,0.452,75.6381
2026-09-25,CMCSA,-0.3188,-0.876,0.126,-0.6819,0.0,-0.8822,0.299,-0.56,0.489,19.2567
2026-09-25,COF,-0.1184,-0.0502,0.0,0.0,0.0,-0.5585,-0.436,-0.056,0.472,175.9558
2026-09-25,COP,0.7672,0.8025,0.0,0.0,0.0,-0.1582,0.033,0.544,0.495,111.884
2026-09-25,COST,-0.0039,-0.6734,0.0,0.0,0.4565,-0.1236,0.411,-0.442,0.449,811.0225
2026-09-25,CRM,0.952,0.8743,0.0,0.0,0.0,-0.5239,-0.059,0.587,0.499,205.6802
2026-09-25,CSCO,-0.3933,0.1928,0.0,0.0,0.0,-0.3895,0.531,0.086,0.487,93.7786
2026-09-25,CVS,-0.6208,0.0555,0.0,0.0,0.5204,-0.3353,-0.26,-0.026,0.501,78.3364
2026-09-25,CVX,0.8928,0.814,0.0,0.0,0.0,0.1635,0.042,0.554,0.484,179.6911
2026-09-25,DE,0.4678,0.8943,0.0,0.0,0.0,0.6904,0.084,0.569,0.509,606.8453
2026-09-25,DHR,0.7209,0.8077,0.0,0.0,0.0,0.2953,0.0,0.545,0.502,197.3043
2026-09-25,DIS,0.6083,0.6521,0.0,0.0,0.0,-0.0725,0.307,0.448,0.457,93.2952
2026-09-25,DUK,-0.8334,-0.7404,0.2355,-0.2519,0.0,-0.4764,-0.101,-0.556,0.447,99.6233
2026-09-25,EMR,0.6501,0.7919,0.0,0.1,0.0,0.0039,0.064,0.531,0.493,139.0683
2026-09-25,F,-0.2473,-0.0859,0.0,0.0,0.0,-0.6252,0.257,-0.093,0.474,11.1708
2026-09-25,FDX,-0.4272,-0.0639,0.0,0.0,0.0,-0.7988,0.313,-0.094,0.481,251.2336
2026-09-25,GD,-0.528,-0.093,0.3404,-0.5139,0.0,-0.7328,-0.478,-0.161,0.478,295.9432
2026-09-25,GE,-0.6453,0.0262,0.0,0.0,0.0,-0.3692,0.162,-0.05,0.495,287.4794
2026-09-25,GILD,0.874,0.8184,0.0,0.0,0.0,0.1337,0.229,0.557,0.493,132.6524
2026-09-25,GM,0.3676,0.0554,0.0,0.0,0.0,-0.324,-0.078,0.062,0.458,72.6235
2026-09-25,GOOGL,-0.2434,0.036,0.0,0.0,0.0,0.0595,0.337,-0.011,0.469,302.2713
2026-09-25,GS,-0.3811,-0.0335,0.0,0.0,0.0,-0.6626,0.221,-0.069,0.481,822.167
2026-09-25,HD,-0.7752,-0.8256,0.0,0.0,0.0,-0.6815,0.205,-0.557,0.499,257.6935
2026-09-25,HON,-0.271,-0.7352,0.0,0.0,0.0,-0.2978,0.062,-0.491,0.463,186.8102
2026-09-25,IBM,-0.7123,-0.8076,0.0,-0.0,0.0,-0.4361,0.051,-0.548,0.489,198.2007
2026-09-25,INTC,-0.0628,0.9968,0.0,0.0,0.0,0.9903,-0.488,0.572,0.491,108.1047
2026-09-25,INTU,0.1271,-0.9664,0.0211,-0.21,0.0,-0.9332,0.172,-0.566,0.478,242.3918
2026-09-25,ISRG,0.0364,-0.187,0.0,0.3383,0.0,0.6685,-0.354,-0.126,0.49,356.1127
2026-09-25,JNJ,0.5964,0.8396,0.0,0.0,0.0,0.1406,0.18,0.543,0.478,238.3753
2026-09-25,JPM,0.2378,0.1409,0.0,0.0,0.0,-0.2678,-0.251,0.114,0.48,301.5154
2026-09-25,KHC,-0.2732,0.0309,0.0,-0.0,0.0,-0.3625,0.464,-0.005,0.507,20.7684
2026-09-25,KO,0.752,0.809,0.0,0.0,0.0,-0.0875,-0.156,0.535,0.462,77.1762
2026-09-25,LIN,-0.8467,-0.0485,0.0,0.0,0.0,-0.2466,0.171,-0.138,0.445,412.9863
2026-09-25,LLY,-0.0431,0.7981,0.0,0.0,0.0,0.0276,0.41,0.476,0.469,1040.1429
2026-09-25,LMT,0.0127,-0.7261,0.0,0.0,0.0,-0.5594,0.476,-0.463,0.468,456.6413
2026-09-25,LOW,-0.7496,-0.8882,0.0,0.0,0.0,-0.6032,0.286,-0.583,0.493,166.3582
2026-09-25,MA,0.6932,0.1326,0.0,0.0,0.0,-0.3346,0.403,0.148,0.462,498.9076
2026-09-25,MCD,-0.6287,-0.886,0.2507,0.0,0.0,-0.6015,0.045,-0.591,0.491,207.8598
2026-09-25,MDLZ,0.1448,0.0447,0.0,-0.0,0.0,-0.293,0.646,0.031,0.456,52.9537
2026-09-25,MDT,0.7353,0.0289,0.0,0.0,0.0,-0.0759,0.411,0.081,0.456,77.9057
2026-09-25,MET,0.733,0.8893,0.0,0.0,0.0,0.0977,0.265,0.572,0.474,85.8685
2026-09-25,META,0.5568,0.3062,-0.0692,0.0,0.0,0.987,0.013,0.264,0.492,660.6339
2026-09-25,MMM,0.3986,0.1227,0.0,0.0,0.0,-0.4117,0.241,0.112,0.462,149.0175
2026-09-25,MO,-0.2156,0.7114,0.0,0.0,0.0,0.2387,-0.228,0.416,0.463,60.4859
2026-09-25,MRK,0.9181,0.9321,0.0,0.0,0.0,-0.0161,0.064,0.604,0.486,130.7627
2026-09-25,MS,-0.4126,0.0433,0.0,0.0,0.0,-0.6126,-0.03,-0.021,0.475,172.5369
2026-09-25,MSFT,0.9616,0.9035,0.0,0.8904,0.2442,0.1523,0.257,0.596,0.489,453.6618
2026-09-25,NEE,-0.7556,-0.814,0.3445,0.0,0.0,-0.5889,0.026,-0.583,0.468,66.8667
2026-09-25,NFLX,-0.1578,-0.8657,0.0,0.0,0.0,-0.713,0.059,-0.54,0.476,62.5337
2026-09-25,NKE,-0.7583,-0.947,0.0,0.0,0.0,-0.4648,-0.519,-0.605,0.5,31.4207
2026-09-25,NOW,0.6355,0.8687,0.0,0.0,0.0,-0.1828,0.605,0.565,0.497,119.1964
2026-09-25,NVDA,0.5549,0.829,0.0,0.0,0.0,-0.1152,0.175,0.541,0.494,197.814
2026-09-25,ORCL,-0.0966,-0.869,0.0,0.0,0.0,-0.6662,0.309,-0.538,0.473,120.4972
2026-09-25,PEP,-0.6473,-0.8045,0.0112,0.0,0.0,-0.5218,-0.262,-0.551,0.462,113.0529
2026-09-25,PFE,0.9704,0.8078,0.0,0.0,0.0,0.1617,-0.044,0.556,0.485,25.1981
2026-09-25,PG,-0.0075,0.0029,0.0,0.0,0.0,0.1491,0.076,-0.016,0.449,128.5215
2026-09-25,PLTR,0.9048,0.938,0.0,0.0,0.0,0.1376,0.141,0.61,0.5,166.701
2026-09-25,PM,0.4887,0.7621,0.0,0.0,0.0,-0.0225,0.566,0.498,0.469,167.4129
2026-09-25,PYPL,0.5549,0.1793,0.0,0.0,0.0,-0.6867,0.416,0.176,0.496,48.3747
2026-09-25,QCOM,0.3213,0.9085,0.0,0.5607,0.0,0.9505,0.365,0.561,0.496,177.5114
2026-09-25,RTX,-0.0856,-0.0426,0.0329,0.0,0.0,-0.7054,0.211,-0.053,0.465,166.4636
2026-09-25,SBUX,-0.5896,-0.0556,0.0,0.0,0.0,-0.7386,-0.112,-0.109,0.469,83.3725
2026-09-25,SCHW,0.1854,0.0254,0.0,0.0,0.0,-0.5982,0.355,0.028,0.473,87.0375
2026-09-25,SO,-0.9049,-0.7674,0.403,-0.0081,0.0,-0.5203,0.335,-0.58,0.458,72.8432
2026-09-25,SPG,-0.6707,0.0542,0.0,0.0,0.0,-0.3054,-0.222,-0.048,0.451,180.0163
2026-09-25,T,0.9199,0.0495,0.0,0.0,0.0,-0.0382,0.657,0.114,0.458,22.3065
2026-09-25,TGT,0.8489,0.9406,0.0,0.0,0.0,-0.4064,0.306,0.601,0.479,138.3828
2026-09-25,TMO,0.9435,0.9402,-0.1289,0.0,0.0,0.4975,0.428,0.619,0.495,593.2575
2026-09-25,TMUS,-0.1589,-0.8289,0.0,0.0,0.0,-0.4884,0.0,-0.521,0.482,145.3964
2026-09-25,TSLA,-0.3863,-0.1155,0.0,0.0,0.0,0.3519,0.1,-0.118,0.502,327.0475
2026-09-25,TXN,-0.3001,0.8382,0.0,0.0,0.0,0.3128,0.406,0.477,0.47,244.3957
2026-09-25,UBER,-0.2194,-0.7409,0.0,0.0,0.0,-0.6553,-0.127,-0.484,0.481,61.189
2026-09-25,UNH,-0.6879,0.1372,0.0,0.0,0.0,-0.3358,0.127,0.017,0.482,330.9849
2026-09-25,UNP,-0.07,0.0912,0.0,0.0,0.0,-0.7016,-0.391,0.042,0.462,240.634
2026-09-25,UPS,-0.5588,-0.1571,0.0,0.0,0.0,-0.721,0.299,-0.164,0.5,82.5814
2026-09-25,USB,-0.2647,0.0815,0.0,0.0,0.0,-0.3936,0.19,0.018,0.468,52.1451
2026-09-25,V,0.3859,0.1751,0.0,0.0,0.0,-0.274,0.427,0.146,0.462,322.8903
2026-09-25,VZ,0.7137,0.0746,0.0,0.0,0.0,-0.3823,0.087,0.115,0.473,41.3786
2026-09-25,WFC,-0.1536,-0.0312,0.0,0.0,0.0,-0.2077,0.156,-0.045,0.475,72.9223
2026-09-25,WMT,-0.0379,-0.7617,0.0,0.0,0.0,0.3753,0.132,-0.496,0.433,94.9036
2026-09-25,XOM,0.7531,0.7789,0.0,0.0,0.0,0.1875,0.051,0.529,0.485,141.1425
2026-09-25,A2A.MI,-0.0946,-0.013,0.0,0.0,0.0,-0.0972,0.248,-0.023,0.488,2.282
2026-09-25,AMP.MI,0.5459,0.7329,0.0,0.0,0.0,0.0743,0.0,0.487,0.467,12.065
2026-09-25,AZM.MI,0.4357,0.8119,0.0,0.0,0.0,0.1978,0.2,0.527,0.5,39.18
2026-09-25,BAMI.MI,0.3126,0.9052,0.0,0.0,0.0,0.2652,-0.011,0.561,0.502,16.41
2026-09-25,BMED.MI,0.2848,0.2761,0.0,0.0,0.0,-0.0588,0.0,0.212,0.493,23.55
2026-09-25,BMPS.MI,0.4294,0.956,0.0,0.0,0.0,0.3481,0.39,0.571,0.448,11.942
2026-09-25,BPE.MI,0.1454,0.8599,0.0,0.0,0.0,0.1457,0.729,0.527,0.493,14.324
2026-09-25,BGN.MI,-0.2094,0.2043,0.0,0.0,0.0,-0.0801,0.0,0.118,0.501,64.5
2026-09-25,BZU.MI,-0.7968,-0.8754,0.0,0.0,0.0,-0.5533,0.248,-0.57,0.525,37.31
2026-09-25,CPR.MI,0.4583,0.0439,0.0,0.0,0.0,0.3359,0.0,0.071,0.48,5.996
2026-09-25,DIA.MI,0.7351,0.8586,0.0,0.0,0.0,0.4036,0.0,0.57,0.507,78.92
2026-09-25,ENEL.MI,-0.641,-0.0992,0.0,0.0,0.0,-0.3641,0.222,-0.135,0.494,8.845
2026-09-25,ENI.MI,0.8852,0.8782,0.0,0.0,0.0,0.5575,0.579,0.589,0.512,24.545
2026-09-25,ERG.MI,-0.2575,0.6441,0.0,0.0,0.0,0.2325,0.248,0.385,0.491,22.62
2026-09-25,RACE.MI,0.3447,0.8347,0.0,0.0,0.0,-0.0614,0.37,0.535,0.51,356.8
2026-09-25,FBK.MI,-0.2673,0.0457,0.0,-0.0,0.0,-0.4671,0.0,0.005,0.504,21.9
2026-09-25,G.MI,0.1119,0.2458,0.0,0.0,0.0,-0.0683,0.0,0.178,0.501,43.59
2026-09-25,HER.MI,-0.3657,-0.7453,0.0,0.0,0.0,-0.426,0.0,-0.49,0.501,3.544
2026-09-25,IP.MI,0.2326,-0.7103,0.0,0.0,0.0,-0.2695,0.248,-0.428,0.493,35.72
2026-09-25,INW.MI,-0.0443,-0.0974,0.0,0.0,0.0,0.3952,0.0,-0.078,0.478,6.425
2026-09-25,IG.MI,-0.8314,-0.8305,0.0,0.0,0.0,-0.2682,0.0,-0.564,0.492,8.366
2026-09-25,IVG.MI,0.7374,0.66,-0.1742,0.0,0.0,0.2105,0.0,0.466,0.427,14.125
2026-09-25,ISP.MI,0.5705,0.8474,0.0,0.0,0.0,0.0744,0.257,0.55,0.493,6.761
2026-09-25,LDO.MI,-0.5759,-0.7708,0.0,0.0,0.0,-0.309,0.0,-0.511,0.521,48.96
2026-09-25,LTMC.MI,0.072,0.7765,0.0,0.0,0.0,0.3961,0.0,0.497,0.539,26.41
2026-09-25,MB.MI,0.4787,0.9696,0.0,0.0,0.0,0.3362,0.0,0.58,0.449,28.91
2026-09-25,MONC.MI,-0.6998,-0.8292,0.0,0.0,0.0,-0.3946,0.0,-0.546,0.519,44.02
2026-09-25,NEXI.MI,0.6843,0.2718,0.0,0.0,0.0,-0.2958,0.0,0.251,0.502,4.176
2026-09-25,PIRC.MI,-0.1526,0.1442,0.0,0.0,0.0,-0.0727,0.0,0.08,0.491,6.505
2026-09-25,PST.MI,-0.471,0.1477,0.0,0.0,0.0,-0.418,-0.123,0.064,0.535,25.87
2026-09-25,PRY.MI,-0.4455,0.0749,0.0,0.0,0.0,0.2703,0.014,0.013,0.524,122.75
2026-09-25,REC.MI,0.6449,0.7392,0.0,0.0,0.0,0.1963,0.0,0.486,0.435,53.15
2026-09-25,SPM.MI,0.0469,0.867,0.0,0.0,0.0,-0.1301,0.0,0.526,0.502,4.429
2026-09-25,SRG.MI,-0.7038,-0.7193,0.0,0.0,0.0,-0.1265,0.0,-0.513,0.469,5.626
2026-09-25,STLAM.MI,-0.542,-0.9745,0.0,0.0,0.0,-0.7324,0.061,-0.576,0.582,4.1365
2026-09-25,STMMI.MI,-0.7326,0.1849,0.0,0.0,0.0,0.5018,0.249,0.057,0.519,45.325
2026-09-25,TIT.MI,-0.4619,0.0968,0.0,-0.0,0.0,-0.5378,-0.377,0.026,0.522,7.142
2026-09-25,TEN.MI,0.2225,0.7285,0.0,0.0,0.0,0.3198,0.0,0.465,0.481,24.6
2026-09-25,TRN.MI,-0.6154,-0.0797,0.0,0.0,0.0,-0.3164,0.0,-0.125,0.478,9.214
2026-09-25,UCG.MI,0.1494,0.8357,0.0,0.0,0.0,0.076,0.134,0.519,0.502,83.81
2026-09-25,UNI.MI,0.1551,0.3119,0.0,0.0,0.0,-0.1742,0.0,0.216,0.475,27.22
2026-09-25,SPY,0.4544,0.7504,0.0,0.0559,0.0,0.0,0.372,0.486,0.459,677.9395
2026-09-25,QQQ,0.2438,0.8162,0.0,0.0,0.0,0.2408,0.044,0.512,0.489,654.341
2026-09-25,IWM,-0.558,0.0547,0.0,0.0,0.0,-0.4453,0.0,-0.037,0.45,247.8234
2026-09-25,VGK,0.1435,0.0516,0.0,0.0,0.0,-0.3093,0.0,0.035,0.454,77.8969
2026-09-25,EEM,0.1492,0.7661,0.0,0.0,0.0,0.0213,0.0,0.474,0.468,59.7476
2026-09-25,EWJ,0.3874,0.7721,0.0,0.0,0.0,0.1508,0.0,0.493,0.464,86.0707
2026-09-25,GLD,0.365,-0.7079,0.0,0.0,0.0,-0.5191,0.398,-0.426,0.464,345.768
2026-09-25,SLV,0.2954,-0.2127,0.0,0.0,0.0,-0.5459,0.0,-0.123,0.473,51.0992
2026-09-25,TLT,-0.7283,-0.7135,0.0,-0.8724,-0.193,-0.3451,0.414,-0.52,0.445,69.7143
2026-09-25,HYG,-0.4093,-0.0096,0.0671,-0.6987,0.0,-0.1791,0.0,-0.066,0.47,68.4312
2026-09-25,XLK,0.4045,0.9062,0.0,0.1293,0.0,0.3024,0.472,0.563,0.488,172.5017
2026-09-25,XLF,0.0489,0.0566,0.0,0.0,0.0,-0.3934,0.148,0.027,0.45,48.1989
2026-09-25,XLE,0.848,0.8136,0.0,0.0,0.0,-0.0072,0.732,0.55,0.482,54.527
2026-09-25,XLV,0.66,0.7863,0.0,0.0,0.0,-0.033,0.136,0.519,0.463,150.0282
2026-09-25,XLI,-0.6358,-0.0081,0.0,0.0,0.0,-0.3596,0.201,-0.087,0.452,149.7909
2026-09-25,XLY,-0.4994,-0.6945,0.0,0.0,0.0,-0.3566,0.501,-0.492,0.45,97.1712
2026-09-25,XLP,-0.1142,-0.0124,0.0,-0.0885,0.0,-0.2503,0.501,-0.039,0.443,72.1225
2026-09-25,XLU,-0.8126,-0.7829,0.2389,-0.6371,0.0,-0.5707,0.0,-0.573,0.448,34.7253
